Profile Name,Title Name,Country,Utc Title Add Date
Hana,The Princess Switch 3: Romancing the Star,France,2021-11-18
Hana,A Second Chance: Rivals!,France,2021-11-15
Hana,Wanted,France,2021-10-31
Hana,Another Life,France,2021-10-16
Hana,Jurassic World: Fallen Kingdom,France,2021-10-09
Hana,Maid,France,2021-10-07
Hana,Tokyo Ghoul,France,2021-10-05
Hana,The Chestnut Man,France,2021-10-04
Hana,You,France,2021-09-20
Hana,Squid Game,France,2021-09-17
Hana,Nightbooks,France,2021-09-16
Hana,Beauty and the Beast,France,2021-09-16
Hana,Vampires,France,2021-09-15
Hana,Control Z,France,2021-09-14
Hana,The Gift,France,2021-09-10
Hana,Dive Club,France,2021-09-10
Hana,Dive Club,France,2021-09-05
Hana,Supergirl,France,2021-08-30
Hana,Kate,France,2021-08-30
Hana,Money Heist,France,2021-08-30
Hana,The Meg,France,2021-08-25
Hana,iZombie,France,2021-08-14
Hana,Gone for Good,France,2021-08-13
Hana,Lara Croft Tomb Raider: The Cradle of Life,France,2021-08-02
Hana,The Witcher,France,2021-07-27
Hana,Locke & Key,France,2021-07-27
Hana,"Extremely Wicked, Shockingly Evil and Vile",France,2021-07-21
Hana,Generation 56k,France,2021-07-19
Hana,The Last Samurai,France,2021-07-19
Hana,It's Okay to Not Be Okay,France,2021-07-19
Hana,Stardust,France,2021-07-18
Hana,Justice League,France,2021-07-16
Hana,Man of Steel,France,2021-07-16
Hana,Arrow,France,2021-07-15
Hana,The Huntsman: Winter's War,France,2021-07-15
Hana,The Huntsman: Winter's War,France,2021-07-14
Hana,H,France,2021-07-14
Hana,Reign,France,2021-07-14
Hana,Mortel,France,2021-07-13
Hana,How I Became a Superhero,France,2021-07-13
Hana,New Amsterdam,France,2021-07-13
Hana,Biohackers,France,2021-07-12
Hana,H2O: Just Add Water,France,2021-07-07
Hana,The Twilight Saga: Breaking Dawn: Part 2,France,2021-07-03
Hana,Twilight,France,2021-07-02
Hana,The A List,France,2021-06-25
Hana,Pretty Guardian Sailor Moon Eternal The Movie,France,2021-06-03
Hana,Sense8,France,2021-05-15
Hana,The Shannara Chronicles,France,2021-05-06
Hana,Shadow and Bone,France,2021-05-06
Hana,Sense8,France,2021-05-06
Hana,Land of the Lost,France,2021-04-18
Hana,Hancock,France,2021-04-18
Hana,Paul,France,2021-04-18
Hana,Love and Monsters,France,2021-04-18
Hana,Unbelievable,France,2021-04-16
Hana,The Crown,France,2021-04-11
Hana,The 100,France,2021-04-01
Hana,Batman v Superman: Dawn of Justice,France,2021-03-30
Hana,I Want to Eat Your Pancreas,France,2021-03-29
Hana,The Irregulars,France,2021-03-26
Hana,Wonder Woman,France,2021-03-24
Hana,Zero Chill,France,2021-03-15
Hana,Attack on Titan,France,2021-02-26
Hana,YES DAY,France,2021-02-26
Hana,Squared Love,France,2021-02-11
Hana,Tiny Pretty Things,France,2021-02-10
Hana,Angel Beats!,France,2021-02-10
Hana,The Imitation Game,France,2021-02-10
Hana,Invisible City,France,2021-02-07
Hana,Call My Agent!,France,2021-01-28
Hana,Animals on the Loose: A You vs. Wild Movie,France,2021-01-25
Hana,24,France,2021-01-06
Hana,Pitch Perfect 3,France,2021-01-02
Hana,"ariana grande: excuse me, i love you",France,2020-12-21
Hana,A Christmas Prince,France,2020-12-20
Hana,Chilling Adventures of Sabrina,France,2020-12-20
Hana,Spinning Out,France,2020-12-20
Hana,The Mess You Leave Behind,France,2020-12-15
Hana,The Princess Switch: Switched Again,France,2020-11-19
Hana,Operation Christmas Drop,France,2020-11-08
Hana,What a Girl Wants,France,2020-11-05
Hana,The Haunting of Hill House,France,2020-11-05
Hana,Over the Moon,France,2020-11-05
Hana,Kaali Khuhi,France,2020-11-04
Hana,Million Pound Menu,France,2020-10-31
Hana,I'm Thinking of Ending Things,France,2020-09-14
Hana,Divines,France,2020-09-14
Hana,The Story of God with Morgan Freeman,France,2020-08-30
Hana,The Sleepover,France,2020-08-29
Hana,The Princess Switch,France,2020-08-25
Hana,Kiss & Cry,France,2020-08-25
Hana,High Seas,France,2020-08-15
Hana,The Sleepover,France,2020-08-15
Hana,Work It,France,2020-08-15
Hana,Malibu Rescue: The Next Wave,France,2020-08-12
Hana,Get Even,France,2020-08-08
Hana,High Seas,France,2020-07-30
Hana,Biohackers,France,2020-07-30
Hana,The Story of God with Morgan Freeman,France,2020-07-30
Hana,Malibu Rescue: The Next Wave,France,2020-07-30
Hana,Cursed,France,2020-07-25
Hana,Work It,France,2020-07-18
Hana,The English Game,France,2020-07-18
Hana,The I-Land,France,2020-07-18
Hana,Down to Earth with Zac Efron,France,2020-07-18
Hana,Get Even,France,2020-07-18
Hana,Passengers,France,2020-07-17
Hana,The Protector,France,2020-07-17
Hana,Japan Sinks: 2020,France,2020-07-17
Hana,Stateless,France,2020-07-16
Hana,Suits,France,2020-07-14
Hana,Mission: Impossible - Rogue Nation,France,2020-07-11
Hana,Unsolved Mysteries,France,2020-07-09
Hana,#AnneFrank - Parallel Stories,France,2020-07-09
Hana,Cursed,France,2020-07-06
Hana,Jane The Virgin,France,2020-07-06
Hana,Suits,France,2020-06-30
Hana,The Protector,France,2020-06-30
Hana,The Tuxedo,France,2020-06-30
Hana,Stateless,France,2020-06-30
Hana,Down to Earth with Zac Efron,France,2020-06-30
Hana,Unsolved Mysteries,France,2020-06-30
Hana,Passengers,France,2020-06-30
Hana,Japan Sinks: 2020,France,2020-06-30
Hana,#AnneFrank - Parallel Stories,France,2020-06-30
Hana,Rip Tide,France,2020-06-20
Hana,Princess Mononoke,France,2020-06-20
Hana,Saint Seiya: The Hades Chapter,France,2020-06-20
Hana,The Tale of The Princess Kaguya,France,2020-06-20
Hana,Public Friends,France,2020-06-16
Hana,Miss Congeniality,France,2020-06-16
Hana,The Secret Life of Pets,France,2020-06-16
Hana,I Am Mother,France,2020-06-16
Hana,Les gorilles,France,2020-06-16
Hana,Arrival,France,2020-06-16
Hana,Before I Fall,France,2020-06-16
Hana,Brain on Fire,France,2020-06-16
Hana,18 Presents,France,2020-06-16
Hana,Babysitting,France,2020-06-16
Hana,iBOY,France,2020-06-16
Hana,Feel the Beat,France,2020-06-15
Hana,The Mars Generation,France,2020-06-12
Hana,I Dream Of Dance,France,2020-06-12
Hana,Spelling the Dream,France,2020-06-12
Hana,Addicted to Life,France,2020-06-12
Hana,Babies,France,2020-06-12
Hana,Taking Lives,France,2020-06-12
Hana,Don't Crack Under Pressure III,France,2020-06-12
Hana,Jane,France,2020-06-12
Hana,The Invisible Guest,France,2020-06-12
Hana,Supergirl,France,2020-05-28
Hana,White Lines,France,2020-05-16
Hana,DC's Legends of Tomorrow,France,2020-05-12
Hana,Marvel's Jessica Jones,France,2020-05-12
Hana,The Flash,France,2020-05-12
Hana,The Stranded,France,2020-04-26
Hana,Dark,France,2020-04-26
Hana,Dark Net,France,2020-04-26
Hana,The Boss Baby,France,2020-04-21
Hana,Stasis,France,2020-04-21
Hana,Supergirl,France,2020-04-21
Hana,Explained,France,2020-04-20
Hana,"The Mind, Explained",France,2020-04-20
Hana,Battle,France,2020-04-18
Hana,Albion: The Enchanted Stallion,France,2020-04-18
Hana,Pandemic: How to Prevent an Outbreak,France,2020-04-16
Hana,The Blacklist,France,2020-04-16
Hana,The 100,France,2020-04-16
Hana,Peaky Blinders,France,2020-04-16
Hana,The Lost World: Jurassic Park,France,2020-04-13
Hana,Black Money Love,France,2020-04-13
Hana,Salt,France,2020-04-12
Hana,Mowgli: Legend of the Jungle,France,2020-04-10
Hana,Money Heist,France,2020-04-10
Hana,Miracle in Cell No. 7,France,2020-04-10
Tarik,The Intern,France,2020-10-04
Tarik,Jeffrey Epstein: Filthy Rich,France,2020-08-08
Tarik,Merci patron!,France,2020-07-17
Tarik,Pandemic: How to Prevent an Outbreak,France,2020-04-11
Tarik,November 13: Attack on Paris,France,2020-04-10
Tarik,Peaky Blinders,France,2020-04-10
Tarik,Narcos,France,2020-04-10
Tarik,Snowden,France,2020-04-10
Tarik,Black Mirror,France,2020-04-10
Tarik,House of Cards,France,2020-04-10
